sku_id,category,sku_price
1,beauty,798
2,food,117
3,food,115
4,beauty,298
5,food,87
6,beauty,1443
7,clothes,540
8,food,50
9,home,683
10,food,193
11,home,1209
12,clothes,383
13,home,604
14,home,777
15,electronics,4919
16,clothes,656
17,beauty,388
18,beauty,75
19,home,1961
20,clothes,498
21,food,182
22,electronics,3651
23,home,315
24,food,66
25,food,173
26,clothes,782
27,home,1646
28,home,181
29,home,1254
30,home,1222
31,home,1124
32,beauty,1436
33,home,1143
34,electronics,3245
35,beauty,1236
36,electronics,1195
37,clothes,723
38,food,47
39,beauty,110
40,beauty,1341
41,home,1571
42,food,115
43,electronics,386
44,electronics,2419
45,clothes,572
46,beauty,1162
47,beauty,1428
48,beauty,472
49,home,796
50,home,978
51,beauty,1434
52,beauty,328
53,food,11
54,home,244
55,food,111
56,electronics,1250
57,clothes,406
58,food,92
59,home,1636
60,clothes,583
61,home,743
62,home,229
63,home,1508
64,home,683
65,electronics,2759
66,electronics,1242
67,electronics,3110
68,electronics,1646
69,clothes,578
70,clothes,615
71,clothes,388
72,beauty,893
73,home,504
74,home,1319
75,clothes,240
76,home,840
77,electronics,1916
78,home,1242
79,home,826
80,electronics,2059
81,clothes,335
82,electronics,1133
83,beauty,402
84,food,88
85,clothes,518
86,electronics,2449
87,home,1110
88,food,157
89,home,1281
90,home,1232
91,electronics,3150
92,food,122
93,beauty,373
94,food,162
95,beauty,193
96,clothes,370
97,electronics,2254
98,food,34
99,clothes,432
100,clothes,573
101,home,886
102,beauty,302
103,beauty,805
104,home,410
105,home,1331
106,beauty,1440
107,clothes,618
108,clothes,551
109,food,40
110,clothes,372
111,home,1298
112,electronics,3241
113,electronics,4269
114,clothes,249
115,home,1180
116,beauty,1357
117,home,867
118,home,881
119,home,1030
120,clothes,134
121,beauty,83
122,clothes,349
123,electronics,2551
124,clothes,600
125,food,48
126,home,1188
127,home,1155
128,beauty,251
129,beauty,253
130,food,144
131,food,143
132,electronics,3915
133,beauty,467
134,home,239
135,clothes,354
136,electronics,3984
137,food,94
138,electronics,3896
139,electronics,2241
140,clothes,652
141,food,186
142,beauty,1315
143,home,369
144,beauty,305
145,clothes,261
146,electronics,4970
147,food,141
148,food,157
149,beauty,364
150,food,185
151,food,79
152,beauty,567
153,beauty,1411
154,electronics,1410
155,home,1911
156,electronics,2571
157,clothes,768
158,clothes,305
159,clothes,778
160,food,68
161,home,1032
162,clothes,641
163,food,165
164,home,798
165,home,184
166,electronics,3600
167,beauty,589
168,food,121
169,home,700
170,beauty,25
171,electronics,4055
172,food,21
173,beauty,834
174,clothes,489
175,clothes,556
176,food,87
177,food,91
178,beauty,1203
179,clothes,629
180,home,1644
181,food,179
182,electronics,676
183,electronics,4064
184,electronics,1317
185,clothes,501
186,home,31
187,home,444
188,clothes,715
189,food,45
190,food,28
191,food,69
192,electronics,3346
193,clothes,103
194,home,1311
195,food,190
196,clothes,489
197,electronics,1079
198,electronics,2048
199,home,189
200,clothes,657
201,clothes,581
202,home,49
203,electronics,3114
204,electronics,3759
205,clothes,539
206,electronics,2175
207,home,212
208,electronics,1145
209,food,99
210,food,40
211,home,1614
212,clothes,706
213,clothes,120
214,beauty,1173
215,electronics,1644
216,home,749
217,clothes,693
218,clothes,471
219,beauty,1426
220,home,1791
221,clothes,138
222,electronics,1446
223,electronics,3445
224,food,114
225,food,40
226,clothes,333
227,electronics,2332
228,beauty,1250
229,beauty,1496
230,beauty,603
231,electronics,2771
232,clothes,580
233,beauty,1063
234,clothes,451
235,food,170
236,electronics,2260
237,home,820
238,electronics,2274
239,home,1336
240,beauty,165
241,beauty,44
242,food,86
243,clothes,446
244,beauty,881
245,food,144
246,clothes,532
247,electronics,436
248,beauty,158
249,electronics,2447
250,clothes,90
251,electronics,3560
252,beauty,606
253,beauty,870
254,home,1467
255,home,198
256,beauty,1121
257,beauty,332
258,food,26
259,food,25
260,beauty,436
261,clothes,599
262,food,105
263,beauty,1319
264,electronics,2840
265,home,1524
266,clothes,109
267,clothes,138
268,home,267
269,home,1283
270,beauty,132
271,food,175
272,clothes,172
273,electronics,1424
274,electronics,1642
275,home,1981
276,food,138
277,beauty,1496
278,food,47
279,food,37
280,food,192
281,electronics,540
282,food,114
283,food,139
284,electronics,2454
285,beauty,1305
286,electronics,4364
287,home,1076
288,food,19
289,home,1789
290,beauty,361
291,food,45
292,food,31
293,beauty,1400
294,electronics,2171
295,beauty,25
296,electronics,400
297,clothes,97
298,home,775
299,home,1914
300,clothes,233
301,electronics,4829
302,home,489
303,food,68
304,home,1905
305,food,74
306,electronics,4982
307,food,35
308,beauty,1398
309,electronics,1769
310,clothes,578
311,electronics,3584
312,electronics,4110
313,food,84
314,food,27
315,beauty,955
316,electronics,3322
317,clothes,348
318,beauty,642
319,beauty,516
320,home,784
321,beauty,1030
322,clothes,800
323,beauty,522
324,clothes,56
325,home,78
326,clothes,604
327,food,167
328,electronics,3044
329,electronics,3382
330,food,31
331,clothes,592
332,clothes,479
333,home,1998
334,electronics,1466
335,food,28
336,electronics,2196
337,beauty,865
338,food,122
339,electronics,1082
340,beauty,293
341,home,183
342,beauty,1182
343,electronics,3863
344,clothes,292
345,food,71
346,food,105
347,food,86
348,home,586
349,clothes,126
350,clothes,189
351,beauty,243
352,clothes,158
353,clothes,510
354,home,673
355,home,277
356,beauty,753
357,clothes,512
358,food,123
359,food,35
360,electronics,1591
361,food,185
362,beauty,102
363,clothes,385
364,clothes,143
365,clothes,414
366,home,1081
367,electronics,2748
368,food,49
369,electronics,3612
370,home,1168
371,beauty,531
372,electronics,4085
373,electronics,1445
374,electronics,397
375,electronics,2120
376,clothes,252
377,home,792
378,electronics,2420
379,electronics,478
380,electronics,1919
381,home,1687
382,clothes,144
383,food,36
384,electronics,4076
385,electronics,1676
386,beauty,907
387,home,1046
388,electronics,3435
389,home,383
390,food,59
391,clothes,331
392,food,119
393,clothes,85
394,beauty,1288
395,beauty,523
396,food,132
397,home,1837
398,beauty,1001
399,electronics,1018
400,food,103
401,clothes,479
402,clothes,708
403,beauty,530
404,beauty,59
405,home,1631
406,food,127
407,beauty,1012
408,food,149
409,beauty,678
410,home,583
411,clothes,76
412,food,157
413,clothes,80
414,food,19
415,home,1114
416,food,154
417,clothes,213
418,electronics,2330
419,clothes,322
420,beauty,134
421,clothes,639
422,home,756
423,clothes,230
424,clothes,656
425,food,193
426,food,156
427,electronics,3180
428,beauty,1174
429,clothes,626
430,clothes,554
431,beauty,652
432,clothes,552
433,electronics,1039
434,electronics,2205
435,beauty,468
436,electronics,4612
437,home,31
438,food,162
439,clothes,183
440,food,188
441,clothes,381
442,electronics,479
443,clothes,650
444,clothes,163
445,beauty,767
446,electronics,3360
447,home,1230
448,electronics,3057
449,food,87
450,clothes,211
451,home,1651
452,home,1359
453,food,49
454,beauty,1440
455,beauty,750
456,clothes,731
457,beauty,379
458,home,658
459,food,37
460,clothes,796
461,electronics,4992
462,home,1772
463,beauty,86
464,clothes,666
465,food,161
466,clothes,704
467,beauty,233
468,home,318
469,food,195
470,electronics,2249
471,food,86
472,clothes,701
473,electronics,3050
474,home,53
475,food,58
476,clothes,759
477,electronics,3171
478,food,32
479,electronics,694
480,home,927
481,home,370
482,home,1039
483,home,749
484,beauty,788
485,electronics,4227
486,beauty,1353
487,clothes,216
488,home,180
489,electronics,2715
490,electronics,2910
491,food,31
492,electronics,3100
493,clothes,434
494,clothes,799
495,electronics,4781
496,electronics,3068
497,beauty,1276
498,home,1472
499,electronics,3833
500,clothes,671
501,home,351
502,electronics,1129
503,food,57
504,clothes,469
505,beauty,1498
506,beauty,563
507,food,81
508,clothes,148
509,electronics,3518
510,beauty,1145
511,home,344
512,electronics,3255
513,electronics,3802
514,electronics,2712
515,beauty,1003
516,clothes,149
517,electronics,1995
518,clothes,703
519,food,25
520,home,1758
521,electronics,2826
522,home,994
523,home,1862
524,food,28
525,beauty,813
526,clothes,429
527,home,786
528,clothes,506
529,electronics,2456
530,home,982
531,food,62
532,food,149
533,electronics,1538
534,electronics,1002
535,food,143
536,home,1579
537,beauty,485
538,beauty,144
539,home,1706
540,beauty,877
541,beauty,1427
542,home,1202
543,clothes,537
544,food,25
545,home,1878
546,electronics,4413
547,beauty,1078
548,beauty,1407
549,beauty,321
550,electronics,3978
551,clothes,221
552,clothes,247
553,clothes,93
554,home,190
555,home,443
556,clothes,659
557,food,86
558,electronics,1012
559,home,1169
560,home,1160
561,food,75
562,beauty,958
563,electronics,4580
564,home,260
565,home,336
566,clothes,630
567,beauty,1213
568,electronics,1165
569,beauty,226
570,food,142
571,food,110
572,food,103
573,home,1201
574,beauty,988
575,electronics,1710
576,food,108
577,clothes,683
578,beauty,1414
579,home,109
580,home,1851
581,food,181
582,clothes,100
583,home,1915
584,food,100
585,electronics,3067
586,food,84
587,food,130
588,electronics,2167
589,clothes,357
590,home,1615
591,food,73
592,home,1268
593,electronics,1839
594,home,462
595,home,1547
596,home,1585
597,beauty,785
598,electronics,4521
599,clothes,117
600,food,186
601,beauty,846
602,clothes,586
603,beauty,79
604,clothes,247
605,clothes,109
606,clothes,83
607,home,133
608,food,185
609,clothes,330
610,food,123
611,beauty,832
612,electronics,550
613,clothes,431
614,home,1246
615,home,393
616,home,1231
617,beauty,736
618,food,46
619,food,196
620,electronics,2635
621,electronics,3466
622,electronics,1634
623,beauty,458
624,clothes,712
625,clothes,743
626,clothes,325
627,home,1081
628,electronics,372
629,home,1896
630,clothes,712
631,clothes,665
632,electronics,2133
633,food,160
634,food,187
635,food,113
636,home,1774
637,food,122
638,food,60
639,home,648
640,beauty,1297
641,home,1227
642,electronics,360
643,beauty,1376
644,food,148
645,beauty,1267
646,food,81
647,electronics,4246
648,electronics,3054
649,food,168
650,food,75
651,food,172
652,food,53
653,clothes,579
654,clothes,108
655,beauty,847
656,food,179
657,clothes,788
658,electronics,4374
659,food,71
660,home,858
661,home,1538
662,electronics,4986
663,clothes,401
664,clothes,752
665,beauty,1327
666,home,1886
667,food,134
668,food,48
669,beauty,390
670,food,29
671,home,292
672,food,190
673,beauty,394
674,food,172
675,electronics,2120
676,food,62
677,food,112
678,food,100
679,food,154
680,food,123
681,electronics,4154
682,electronics,883
683,home,1851
684,clothes,562
685,electronics,3426
686,beauty,631
687,home,140
688,clothes,190
689,clothes,400
690,home,1196
691,home,323
692,food,188
693,clothes,132
694,home,711
695,clothes,370
696,electronics,338
697,home,590
698,clothes,222
699,beauty,344
700,home,1638
701,electronics,1360
702,beauty,908
703,home,856
704,home,1007
705,home,39
706,electronics,4672
707,clothes,798
708,food,8
709,food,198
710,beauty,410
711,electronics,333
712,clothes,281
713,food,84
714,clothes,155
715,home,1060
716,beauty,646
717,clothes,116
718,electronics,2742
719,food,121
720,beauty,1241
721,beauty,711
722,home,1848
723,clothes,400
724,home,765
725,clothes,218
726,home,69
727,clothes,279
728,clothes,266
729,electronics,4433
730,clothes,176
731,food,187
732,electronics,3373
733,food,141
734,beauty,119
735,beauty,118
736,electronics,461
737,electronics,1248
738,home,939
739,home,283
740,beauty,537
741,home,1467
742,clothes,260
743,electronics,2766
744,home,1385
745,electronics,4562
746,food,164
747,beauty,1455
748,clothes,478
749,electronics,4490
750,beauty,261
751,food,34
752,electronics,4377
753,clothes,673
754,clothes,319
755,beauty,433
756,food,185
757,home,634
758,clothes,90
759,beauty,1036
760,clothes,754
761,home,707
762,clothes,52
763,electronics,1029
764,electronics,4347
765,clothes,142
766,beauty,173
767,electronics,2396
768,clothes,517
769,food,72
770,home,132
771,electronics,1731
772,electronics,2680
773,food,178
774,food,114
775,electronics,1078
776,electronics,379
777,clothes,729
778,clothes,386
779,food,117
780,beauty,569
781,electronics,3352
782,food,51
783,electronics,3583
784,home,2000
785,home,586
786,home,1442
787,home,1668
788,home,1358
789,clothes,165
790,clothes,762
791,electronics,1605
792,electronics,3708
793,beauty,1008
794,beauty,1409
795,home,401
796,beauty,797
797,food,161
798,electronics,1370
799,home,1914
800,home,261
801,home,932
802,electronics,818
803,food,172
804,food,8
805,beauty,1200
806,beauty,478
807,food,137
808,beauty,1429
809,beauty,215
810,home,1385
811,clothes,543
812,food,174
813,home,334
814,beauty,1275
815,electronics,395
816,clothes,567
817,home,1774
818,home,1810
819,clothes,126
820,home,686
821,clothes,388
822,food,17
823,beauty,476
824,beauty,1337
825,home,855
826,clothes,130
827,home,939
828,beauty,937
829,electronics,4383
830,home,677
831,electronics,4374
832,electronics,1140
833,home,874
834,electronics,4864
835,beauty,20
836,electronics,2795
837,beauty,1171
838,clothes,720
839,home,1976
840,food,98
841,electronics,2126
842,home,709
843,beauty,1289
844,beauty,988
845,food,188
846,home,263
847,electronics,2116
848,electronics,3096
849,food,167
850,food,145
851,beauty,785
852,electronics,675
853,clothes,554
854,clothes,784
855,home,249
856,food,161
857,clothes,242
858,electronics,3518
859,clothes,518
860,clothes,783
861,food,32
862,home,125
863,beauty,272
864,home,966
865,beauty,1052
866,clothes,560
867,electronics,4644
868,electronics,4832
869,home,1747
870,beauty,1009
871,beauty,382
872,beauty,375
873,clothes,156
874,home,1376
875,beauty,1261
876,food,134
877,home,887
878,beauty,1438
879,clothes,330
880,home,732
881,food,120
882,clothes,191
883,home,1263
884,beauty,632
885,beauty,662
886,beauty,1315
887,clothes,255
888,clothes,689
889,food,180
890,food,177
891,clothes,777
892,clothes,565
893,beauty,1441
894,food,186
895,electronics,3185
896,beauty,1003
897,beauty,1188
898,home,1410
899,beauty,605
900,home,1685
901,electronics,4582
902,electronics,507
903,home,327
904,electronics,763
905,clothes,323
906,clothes,343
907,food,42
908,electronics,2717
909,clothes,604
910,electronics,3238
911,home,239
912,beauty,1403
913,beauty,479
914,beauty,816
915,clothes,573
916,food,182
917,electronics,3425
918,home,883
919,food,146
920,electronics,406
921,food,56
922,beauty,927
923,clothes,698
924,food,198
925,beauty,1139
926,beauty,422
927,clothes,351
928,home,393
929,electronics,1831
930,clothes,576
931,electronics,3390
932,electronics,3810
933,food,147
934,food,38
935,clothes,648
936,food,6
937,food,124
938,clothes,90
939,clothes,380
940,beauty,124
941,beauty,1375
942,food,130
943,beauty,1146
944,food,23
945,food,139
946,clothes,238
947,beauty,159
948,beauty,346
949,home,1142
950,beauty,846
951,electronics,3162
952,clothes,268
953,food,89
954,food,80
955,clothes,683
956,beauty,992
957,beauty,1349
958,electronics,1239
959,food,119
960,clothes,707
961,beauty,1292
962,clothes,90
963,food,102
964,electronics,3461
965,food,143
966,food,11
967,beauty,787
968,beauty,1061
969,home,1026
970,electronics,2728
971,clothes,378
972,beauty,188
973,electronics,1671
974,beauty,1112
975,electronics,836
976,clothes,736
977,clothes,751
978,home,1741
979,electronics,1984
980,beauty,1459
981,home,1354
982,electronics,1559
983,electronics,4061
984,food,14
985,electronics,900
986,electronics,1758
987,food,147
988,electronics,2164
989,food,109
990,home,953
991,home,916
992,food,9
993,home,1408
994,electronics,4681
995,electronics,818
996,beauty,113
997,electronics,3230
998,beauty,237
999,food,180
1000,food,160
1001,electronics,2606
1002,home,811
1003,home,1713
1004,electronics,4182
1005,clothes,596
1006,clothes,189
1007,home,1661
1008,beauty,624
1009,clothes,355
1010,food,7
1011,beauty,1156
1012,clothes,176
1013,electronics,341
1014,beauty,1241
1015,home,1130
1016,beauty,194
1017,food,58
1018,food,59
1019,home,1884
1020,beauty,311
1021,clothes,238
1022,clothes,681
1023,food,54
1024,electronics,1785
1025,beauty,131
1026,beauty,964
1027,beauty,169
1028,food,176
1029,electronics,2353
1030,electronics,1917
1031,beauty,1017
1032,food,96
1033,clothes,737
1034,clothes,152
1035,food,163
1036,electronics,1885
1037,food,129
1038,home,702
1039,beauty,1370
1040,food,182
1041,beauty,332
1042,beauty,1180
1043,food,85
1044,home,375
1045,electronics,2865
1046,clothes,276
1047,home,596
1048,food,39
1049,food,127
1050,home,942
1051,food,83
1052,home,1159
1053,electronics,1739
1054,beauty,187
1055,food,40
1056,beauty,422
1057,food,192
1058,electronics,917
1059,electronics,4454
1060,electronics,3618
1061,beauty,455
1062,electronics,4818
1063,food,144
1064,beauty,986
1065,clothes,424
1066,home,487
1067,beauty,615
1068,clothes,525
1069,beauty,1065
1070,electronics,3550
1071,food,133
1072,electronics,2256
1073,beauty,1421
1074,clothes,576
1075,clothes,506
1076,clothes,233
1077,beauty,1178
1078,clothes,799
1079,home,1953
1080,food,15
1081,clothes,549
1082,clothes,114
1083,food,99
1084,clothes,93
1085,clothes,580
1086,food,104
1087,home,1909
1088,home,1835
1089,electronics,626
1090,food,31
1091,beauty,1317
1092,food,194
1093,food,153
1094,beauty,1187
1095,clothes,435
1096,home,778
1097,beauty,1358
1098,electronics,4532
1099,food,101
1100,clothes,578
1101,home,752
1102,food,129
1103,home,1846
1104,beauty,33
1105,beauty,304
1106,home,369
1107,clothes,128
1108,beauty,1337
1109,food,59
1110,clothes,241
1111,clothes,420
1112,beauty,1489
1113,electronics,2186
1114,home,1691
1115,food,189
1116,electronics,4244
1117,home,1011
1118,clothes,654
1119,clothes,712
1120,home,75
1121,clothes,94
1122,clothes,637
1123,beauty,349
1124,clothes,694
1125,beauty,100
1126,beauty,320
1127,electronics,1662
1128,food,51
1129,beauty,850
1130,beauty,1174
1131,electronics,2622
1132,electronics,2074
1133,home,1272
1134,home,1806
1135,home,379
1136,clothes,470
1137,beauty,312
1138,beauty,392
1139,beauty,1370
1140,beauty,561
1141,clothes,791
1142,food,121
1143,beauty,1229
1144,electronics,2182
1145,home,819
1146,clothes,161
1147,electronics,1957
1148,beauty,1052
1149,home,1722
1150,clothes,670
1151,electronics,1753
1152,home,1876
1153,beauty,1248
1154,electronics,4653
1155,beauty,260
1156,electronics,4250
1157,clothes,667
1158,beauty,22
1159,home,1099
1160,home,788
1161,electronics,4640
1162,home,499
1163,home,1647
1164,home,747
1165,beauty,1446
1166,beauty,220
1167,home,304
1168,food,127
1169,clothes,135
1170,food,158
1171,beauty,856
1172,food,53
1173,electronics,358
1174,beauty,1090
1175,electronics,4557
1176,electronics,3372
1177,clothes,754
1178,food,109
1179,food,32
1180,clothes,486
1181,beauty,539
1182,food,142
1183,home,1186
1184,food,161
1185,food,179
1186,home,1576
1187,clothes,473
1188,beauty,1161
1189,home,396
1190,food,148
1191,beauty,1010
1192,food,83
1193,beauty,725
1194,home,1536
1195,clothes,725
1196,electronics,2182
1197,home,1633
1198,clothes,152
1199,clothes,570
1200,home,1639
1201,food,145
1202,beauty,1447
1203,electronics,1616
1204,home,1332
1205,electronics,1046
1206,clothes,532
1207,beauty,911
1208,electronics,824
1209,food,61
1210,food,25
1211,beauty,97
1212,home,1936
1213,home,1287
1214,beauty,606
1215,beauty,137
1216,clothes,705
1217,home,929
1218,electronics,1952
1219,beauty,605
1220,clothes,84
1221,beauty,1065
1222,beauty,1450
1223,clothes,679
1224,clothes,740
1225,electronics,3246
1226,clothes,720
1227,electronics,1589
1228,electronics,2560
1229,home,753
1230,home,860
1231,beauty,430
1232,beauty,51
1233,electronics,1038
1234,beauty,602
1235,beauty,1213
1236,food,93
1237,food,62
1238,beauty,418
1239,home,1934
1240,home,1207
1241,electronics,2438
1242,clothes,466
1243,beauty,238
1244,beauty,168
1245,beauty,622
1246,food,34
1247,beauty,547
1248,beauty,1197
1249,food,182
1250,home,802
1251,beauty,1010
1252,clothes,397
1253,home,1425
1254,home,1866
1255,beauty,76
1256,home,268
1257,food,22
1258,home,1327
1259,clothes,743
1260,clothes,373
1261,home,1986
1262,food,137
1263,beauty,39
1264,food,68
1265,food,28
1266,home,1409
1267,food,24
1268,beauty,385
1269,home,672
1270,food,60
1271,beauty,571
1272,clothes,749
1273,clothes,560
1274,clothes,290
1275,clothes,321
1276,clothes,284
1277,clothes,305
1278,beauty,749
1279,clothes,159
1280,electronics,942
1281,home,1287
1282,electronics,4735
1283,electronics,4250
1284,food,163
1285,food,131
1286,beauty,582
1287,home,404
1288,beauty,593
1289,home,484
1290,beauty,282
1291,electronics,4606
1292,home,1009
1293,beauty,86
1294,beauty,731
1295,home,1792
1296,clothes,518
1297,electronics,4545
1298,home,676
1299,electronics,396
1300,clothes,438
1301,beauty,226
1302,food,97
1303,beauty,551
1304,clothes,611
1305,food,65
1306,food,125
1307,beauty,722
1308,food,52
1309,home,898
1310,clothes,479
1311,food,98
1312,home,602
1313,home,398
1314,beauty,288
1315,beauty,1424
1316,clothes,152
1317,food,65
1318,beauty,905
1319,home,431
1320,clothes,203
1321,home,1680
1322,electronics,1746
1323,home,1053
1324,clothes,695
1325,beauty,1113
1326,food,129
1327,food,69
1328,beauty,1182
1329,electronics,3563
1330,electronics,1638
1331,electronics,2065
1332,food,126
1333,electronics,3985
1334,food,71
1335,food,97
1336,beauty,1161
1337,food,93
1338,electronics,3673
1339,electronics,3176
1340,beauty,427
1341,beauty,1199
1342,beauty,377
1343,food,95
1344,food,177
1345,beauty,1018
1346,home,1851
1347,electronics,3421
1348,beauty,606
1349,home,1323
1350,clothes,221
1351,food,112
1352,beauty,1190
1353,home,1768
1354,electronics,948
1355,clothes,401
1356,clothes,371
1357,food,172
1358,food,186
1359,food,159
1360,home,585
1361,home,1629
1362,food,196
1363,beauty,1086
1364,home,877
1365,clothes,238
1366,electronics,1324
1367,clothes,727
1368,food,195
1369,electronics,2025
1370,clothes,456
1371,electronics,1082
1372,electronics,4176
1373,beauty,130
1374,electronics,3552
1375,beauty,190
1376,electronics,2450
1377,beauty,338
1378,electronics,3493
1379,food,63
1380,clothes,340
1381,home,1313
1382,clothes,184
1383,beauty,369
1384,electronics,587
1385,food,88
1386,home,986
1387,beauty,577
1388,beauty,931
1389,clothes,764
1390,beauty,382
1391,beauty,1243
1392,home,1322
1393,beauty,910
1394,beauty,1330
1395,beauty,654
1396,food,128
1397,beauty,485
1398,electronics,3919
1399,food,98
1400,home,562
1401,clothes,360
1402,electronics,300
1403,beauty,299
1404,food,78
1405,home,1125
1406,electronics,4329
1407,home,643
1408,electronics,3826
1409,food,157
1410,clothes,57
1411,beauty,785
1412,clothes,471
1413,beauty,915
1414,home,541
1415,clothes,782
1416,home,1726
1417,home,481
1418,food,25
1419,home,1310
1420,clothes,579
1421,beauty,1441
1422,food,77
1423,beauty,570
1424,home,415
1425,electronics,1794
1426,clothes,346
1427,electronics,4030
1428,beauty,947
1429,food,184
1430,beauty,1027
1431,clothes,378
1432,electronics,1546
1433,electronics,4682
1434,electronics,1823
1435,electronics,2611
1436,food,37
1437,home,1519
1438,electronics,2207
1439,electronics,1534
1440,electronics,4343
1441,clothes,400
1442,home,668
1443,home,790
1444,home,1457
1445,electronics,3005
1446,electronics,1496
1447,electronics,2483
1448,home,176
1449,beauty,982
1450,clothes,246
1451,food,102
1452,electronics,1299
1453,clothes,444
1454,home,536
1455,electronics,1931
1456,home,1535
1457,electronics,4569
1458,clothes,534
1459,home,1425
1460,food,87
1461,clothes,694
1462,electronics,4802
1463,beauty,270
1464,food,128
1465,food,55
1466,food,18
1467,clothes,165
1468,clothes,698
1469,home,694
1470,electronics,1671
1471,food,154
1472,electronics,3542
1473,clothes,59
1474,electronics,4193
1475,beauty,337
1476,food,27
1477,clothes,211
1478,home,217
1479,beauty,713
1480,electronics,789
1481,food,170
1482,clothes,768
1483,beauty,239
1484,clothes,549
1485,clothes,374
1486,beauty,1340
1487,food,117
1488,clothes,71
1489,home,763
1490,clothes,306
1491,electronics,4275
1492,home,1174
1493,food,143
1494,home,418
1495,beauty,402
1496,beauty,732
1497,food,192
1498,home,593
1499,beauty,1155
1500,clothes,120
1501,beauty,337
1502,home,635
1503,food,143
1504,food,121
1505,electronics,4444
1506,home,1532
1507,clothes,69
1508,beauty,765
1509,beauty,509
1510,food,189
1511,electronics,4715
1512,home,418
1513,beauty,1419
1514,home,1598
1515,beauty,335
1516,beauty,599
1517,food,109
1518,food,33
1519,electronics,4586
1520,electronics,658
1521,clothes,232
1522,electronics,1955
1523,electronics,4276
1524,clothes,151
1525,electronics,4977
1526,home,1377
1527,home,1106
1528,beauty,1456
1529,beauty,544
1530,electronics,3301
1531,clothes,670
1532,electronics,407
1533,clothes,721
1534,home,1931
1535,electronics,4134
1536,electronics,3256
1537,beauty,871
1538,food,186
1539,electronics,2477
1540,beauty,103
1541,electronics,2789
1542,electronics,2068
1543,beauty,218
1544,electronics,2192
1545,beauty,809
1546,clothes,247
1547,beauty,1365
1548,clothes,633
1549,clothes,621
1550,beauty,870
1551,electronics,3232
1552,home,1468
1553,home,1838
1554,electronics,1666
1555,clothes,613
1556,home,1063
1557,food,173
1558,clothes,596
1559,beauty,927
1560,food,85
1561,beauty,684
1562,food,110
1563,home,1721
1564,food,160
1565,clothes,626
1566,beauty,458
1567,home,1598
1568,beauty,540
1569,food,120
1570,home,1995
1571,home,30
1572,electronics,2630
1573,beauty,53
1574,beauty,296
1575,food,6
1576,food,61
1577,clothes,372
1578,electronics,2560
1579,beauty,1067
1580,beauty,1188
1581,beauty,336
1582,electronics,609
1583,home,758
1584,clothes,191
1585,food,98
1586,beauty,531
1587,clothes,312
1588,food,28
1589,beauty,838
1590,beauty,465
1591,electronics,2959
1592,home,384
1593,home,1721
1594,beauty,215
1595,beauty,1335
1596,food,14
1597,beauty,801
1598,electronics,758
1599,food,94
1600,home,883
1601,electronics,2157
1602,beauty,43
1603,home,140
1604,food,139
1605,electronics,2915
1606,beauty,1176
1607,clothes,384
1608,beauty,1449
1609,clothes,206
1610,electronics,3518
1611,home,1571
1612,beauty,1198
1613,beauty,204
1614,clothes,492
1615,food,105
1616,clothes,185
1617,food,26
1618,home,1200
1619,electronics,4790
1620,home,567
1621,electronics,3564
1622,beauty,909
1623,clothes,188
1624,home,1175
1625,clothes,549
1626,home,1365
1627,beauty,421
1628,beauty,1281
1629,beauty,524
1630,clothes,123
1631,food,115
1632,food,180
1633,beauty,203
1634,electronics,3688
1635,home,778
1636,food,53
1637,food,93
1638,beauty,1362
1639,electronics,2797
1640,clothes,408
1641,beauty,925
1642,beauty,318
1643,home,121
1644,clothes,254
1645,food,44
1646,electronics,1220
1647,electronics,2291
1648,beauty,322
1649,food,8
1650,food,182
1651,electronics,2799
1652,home,994
1653,electronics,3018
1654,clothes,600
1655,clothes,258
1656,beauty,1091
1657,food,145
1658,home,1305
1659,clothes,761
1660,electronics,3385
1661,beauty,1378
1662,beauty,109
1663,food,48
1664,electronics,2626
1665,clothes,763
1666,beauty,575
1667,electronics,4108
1668,electronics,845
1669,home,1382
1670,food,174
1671,food,32
1672,electronics,2696
1673,home,503
1674,home,1071
1675,electronics,2884
1676,home,1805
1677,beauty,1108
1678,electronics,1827
1679,clothes,562
1680,home,1178
1681,electronics,625
1682,clothes,592
1683,food,90
1684,home,835
1685,clothes,68
1686,food,180
1687,food,95
1688,food,65
1689,beauty,584
1690,electronics,2410
1691,home,1853
1692,electronics,4846
1693,food,62
1694,clothes,399
1695,home,1375
1696,clothes,139
1697,home,1096
1698,beauty,1301
1699,clothes,477
1700,clothes,636
1701,clothes,486
1702,food,159
1703,food,119
1704,beauty,289
1705,clothes,718
1706,clothes,644
1707,beauty,1420
1708,clothes,191
1709,food,181
1710,beauty,296
1711,home,1891
1712,clothes,721
1713,beauty,343
1714,food,22
1715,beauty,1111
1716,electronics,1808
1717,food,42
1718,electronics,2910
1719,home,1998
1720,home,651
1721,home,1557
1722,food,43
1723,clothes,159
1724,clothes,239
1725,electronics,2486
1726,beauty,1181
1727,beauty,492
1728,beauty,495
1729,clothes,753
1730,electronics,3243
1731,electronics,4204
1732,clothes,564
1733,beauty,980
1734,food,52
1735,home,1036
1736,home,311
1737,clothes,247
1738,clothes,83
1739,home,1595
1740,electronics,2510
1741,home,485
1742,clothes,259
1743,electronics,1750
1744,home,1805
1745,beauty,1023
1746,food,122
1747,clothes,487
1748,home,1619
1749,electronics,3416
1750,food,105
1751,beauty,1191
1752,beauty,1118
1753,beauty,1333
1754,electronics,4565
1755,electronics,3999
1756,home,1723
1757,electronics,2312
1758,beauty,1121
1759,home,1535
1760,electronics,4868
1761,home,1087
1762,electronics,1855
1763,food,117
1764,home,1841
1765,food,78
1766,home,370
1767,home,632
1768,beauty,131
1769,beauty,311
1770,home,1729
1771,home,215
1772,beauty,251
1773,clothes,649
1774,beauty,297
1775,home,876
1776,food,120
1777,electronics,1765
1778,home,1238
1779,clothes,515
1780,electronics,2348
1781,food,182
1782,clothes,785
1783,electronics,1047
1784,electronics,3981
1785,food,26
1786,beauty,1468
1787,home,1518
1788,beauty,1273
1789,clothes,437
1790,beauty,799
1791,electronics,1699
1792,food,149
1793,clothes,216
1794,clothes,233
1795,electronics,3737
1796,food,84
1797,home,621
1798,clothes,170
1799,clothes,257
1800,electronics,2373
1801,electronics,4057
1802,home,1781
1803,home,1143
1804,electronics,4342
1805,clothes,272
1806,beauty,1370
1807,home,959
1808,home,934
1809,electronics,353
1810,clothes,610
1811,food,163
1812,beauty,445
1813,electronics,1814
1814,clothes,106
1815,food,14
1816,clothes,83
1817,beauty,1255
1818,food,89
1819,electronics,701
1820,electronics,3715
1821,clothes,215
1822,food,161
1823,beauty,1192
1824,beauty,383
1825,home,1564
1826,beauty,757
1827,electronics,1062
1828,food,87
1829,food,102
1830,electronics,3800
1831,beauty,152
1832,food,125
1833,clothes,174
1834,food,89
1835,beauty,867
1836,beauty,449
1837,clothes,676
1838,electronics,1195
1839,beauty,1308
1840,beauty,199
1841,home,1512
1842,beauty,1467
1843,food,114
1844,beauty,668
1845,food,139
1846,beauty,1296
1847,food,38
1848,beauty,1172
1849,home,1094
1850,home,1038
1851,clothes,674
1852,clothes,775
1853,food,54
1854,electronics,1268
1855,electronics,4108
1856,electronics,1998
1857,beauty,869
1858,home,123
1859,food,94
1860,beauty,1325
1861,clothes,61
1862,clothes,756
1863,food,70
1864,electronics,2821
1865,food,134
1866,beauty,683
1867,electronics,1232
1868,food,92
1869,home,1513
1870,beauty,1281
1871,electronics,1738
1872,clothes,388
1873,food,177
1874,home,1906
1875,home,1662
1876,electronics,1412
1877,home,348
1878,home,1856
1879,beauty,706
1880,home,1635
1881,home,1930
1882,electronics,4568
1883,food,149
1884,food,147
1885,beauty,58
1886,clothes,641
1887,food,95
1888,electronics,1523
1889,food,12
1890,food,101
1891,beauty,359
1892,beauty,1260
1893,home,413
1894,beauty,259
1895,food,185
1896,food,186
1897,electronics,2524
1898,home,207
1899,home,1826
1900,clothes,430
1901,home,1728
1902,food,60
1903,beauty,639
1904,clothes,164
1905,food,14
1906,clothes,144
1907,home,1066
1908,electronics,4253
1909,beauty,335
1910,clothes,398
1911,home,1530
1912,beauty,655
1913,food,41
1914,electronics,4528
1915,clothes,260
1916,electronics,4063
1917,home,1491
1918,beauty,257
1919,electronics,2847
1920,electronics,1013
1921,food,124
1922,electronics,1144
1923,beauty,1369
1924,food,10
1925,beauty,659
1926,clothes,378
1927,clothes,247
1928,food,75
1929,beauty,673
1930,home,1404
1931,electronics,2533
1932,clothes,211
1933,food,34
1934,electronics,4884
1935,beauty,229
1936,clothes,605
1937,food,145
1938,food,74
1939,clothes,771
1940,food,151
1941,clothes,225
1942,electronics,2850
1943,beauty,713
1944,beauty,928
1945,electronics,1365
1946,electronics,4156
1947,electronics,1167
1948,home,140
1949,electronics,3793
1950,home,396
1951,beauty,1233
1952,home,1292
1953,food,84
1954,food,55
1955,beauty,180
1956,home,1192
1957,clothes,145
1958,home,229
1959,home,665
1960,home,993
1961,clothes,279
1962,clothes,681
1963,food,98
1964,home,405
1965,food,88
1966,home,1028
1967,electronics,835
1968,home,261
1969,food,127
1970,home,1762
1971,clothes,339
1972,food,159
1973,beauty,280
1974,beauty,230
1975,home,1704
1976,electronics,2969
1977,beauty,1350
1978,electronics,2774
1979,beauty,964
1980,home,1239
1981,home,518
1982,beauty,519
1983,beauty,345
1984,home,816
1985,electronics,3091
1986,clothes,760
1987,beauty,902
1988,home,1191
1989,food,144
1990,clothes,227
1991,electronics,4286
1992,electronics,4092
1993,food,147
1994,electronics,3947
1995,clothes,365
1996,home,172
1997,beauty,242
1998,beauty,796
1999,food,131
2000,electronics,1041
