user_id,register_time,city
1,2025-07-06 00:00:00,beijing
2,2024-08-05 00:00:00,shanghai
3,2024-11-19 00:00:00,shanghai
4,2025-07-25 00:00:00,beijing
5,2023-10-09 00:00:00,beijing
6,2025-12-20 00:00:00,beijing
7,2024-11-29 00:00:00,shanghai
8,2023-04-22 00:00:00,beijing
9,2022-12-28 00:00:00,shanghai
10,2023-01-30 00:00:00,shenzhen
11,2024-11-25 00:00:00,shenzhen
12,2024-07-30 00:00:00,beijing
13,2025-03-30 00:00:00,shenzhen
14,2024-03-25 00:00:00,guangzhou
15,2025-04-07 00:00:00,shanghai
16,2024-04-01 00:00:00,beijing
17,2025-08-14 00:00:00,shenzhen
18,2025-08-05 00:00:00,guangzhou
19,2024-03-17 00:00:00,guangzhou
20,2025-11-23 00:00:00,shenzhen
21,2023-02-17 00:00:00,beijing
22,2024-01-06 00:00:00,beijing
23,2023-01-16 00:00:00,guangzhou
24,2024-02-10 00:00:00,shanghai
25,2025-09-30 00:00:00,beijing
26,2024-11-10 00:00:00,guangzhou
27,2025-09-09 00:00:00,shanghai
28,2025-07-28 00:00:00,shenzhen
29,2024-07-30 00:00:00,shenzhen
30,2024-02-03 00:00:00,shanghai
31,2024-01-23 00:00:00,guangzhou
32,2024-12-17 00:00:00,guangzhou
33,2025-09-26 00:00:00,shanghai
34,2023-02-22 00:00:00,shanghai
35,2025-03-22 00:00:00,shenzhen
36,2024-01-04 00:00:00,guangzhou
37,2023-01-06 00:00:00,shanghai
38,2024-04-26 00:00:00,beijing
39,2024-11-07 00:00:00,beijing
40,2024-05-14 00:00:00,shenzhen
41,2024-08-20 00:00:00,beijing
42,2024-12-14 00:00:00,guangzhou
43,2024-12-11 00:00:00,shenzhen
44,2023-12-02 00:00:00,shenzhen
45,2025-05-03 00:00:00,guangzhou
46,2025-05-10 00:00:00,shanghai
47,2022-12-28 00:00:00,guangzhou
48,2022-11-10 00:00:00,shenzhen
49,2022-11-12 00:00:00,shenzhen
50,2024-02-09 00:00:00,shanghai
51,2025-05-12 00:00:00,shenzhen
52,2025-08-17 00:00:00,beijing
53,2025-07-10 00:00:00,shanghai
54,2025-03-29 00:00:00,shenzhen
55,2025-10-12 00:00:00,shenzhen
56,2023-12-31 00:00:00,shenzhen
57,2023-03-04 00:00:00,guangzhou
58,2023-01-13 00:00:00,beijing
59,2025-06-30 00:00:00,guangzhou
60,2024-03-25 00:00:00,beijing
61,2024-06-28 00:00:00,shenzhen
62,2025-04-02 00:00:00,shenzhen
63,2026-02-13 00:00:00,guangzhou
64,2023-05-01 00:00:00,shanghai
65,2023-04-17 00:00:00,beijing
66,2024-06-18 00:00:00,shanghai
67,2025-04-12 00:00:00,guangzhou
68,2025-03-26 00:00:00,beijing
69,2024-04-27 00:00:00,shenzhen
70,2026-01-11 00:00:00,beijing
71,2024-02-07 00:00:00,guangzhou
72,2024-10-17 00:00:00,beijing
73,2024-10-14 00:00:00,beijing
74,2025-08-28 00:00:00,shenzhen
75,2025-10-01 00:00:00,shanghai
76,2025-06-02 00:00:00,shenzhen
77,2023-01-21 00:00:00,shanghai
78,2024-08-26 00:00:00,shenzhen
79,2024-12-13 00:00:00,shanghai
80,2024-05-22 00:00:00,shenzhen
81,2024-01-17 00:00:00,shenzhen
82,2023-03-28 00:00:00,shenzhen
83,2025-06-17 00:00:00,shanghai
84,2024-11-16 00:00:00,beijing
85,2024-03-29 00:00:00,beijing
86,2023-01-12 00:00:00,shanghai
87,2024-11-25 00:00:00,beijing
88,2025-09-27 00:00:00,beijing
89,2024-11-08 00:00:00,beijing
90,2025-12-17 00:00:00,guangzhou
91,2025-09-27 00:00:00,shanghai
92,2024-07-29 00:00:00,shenzhen
93,2024-12-08 00:00:00,shanghai
94,2022-12-08 00:00:00,shenzhen
95,2024-10-10 00:00:00,shenzhen
96,2023-11-09 00:00:00,shanghai
97,2025-08-10 00:00:00,beijing
98,2023-09-21 00:00:00,guangzhou
99,2023-10-06 00:00:00,shenzhen
100,2023-07-09 00:00:00,beijing
101,2025-08-02 00:00:00,beijing
102,2023-11-18 00:00:00,guangzhou
103,2025-07-11 00:00:00,shanghai
104,2025-01-23 00:00:00,shanghai
105,2023-02-17 00:00:00,shenzhen
106,2025-05-08 00:00:00,shenzhen
107,2025-02-09 00:00:00,guangzhou
108,2023-07-18 00:00:00,shanghai
109,2025-09-18 00:00:00,shenzhen
110,2023-01-19 00:00:00,beijing
111,2025-11-08 00:00:00,beijing
112,2025-08-12 00:00:00,shanghai
113,2025-03-16 00:00:00,shenzhen
114,2023-06-01 00:00:00,shenzhen
115,2024-12-09 00:00:00,shenzhen
116,2025-10-22 00:00:00,shanghai
117,2024-01-05 00:00:00,beijing
118,2023-12-13 00:00:00,guangzhou
119,2023-08-03 00:00:00,guangzhou
120,2023-10-07 00:00:00,shenzhen
121,2025-04-08 00:00:00,shanghai
122,2024-06-22 00:00:00,shanghai
123,2025-10-23 00:00:00,beijing
124,2024-05-18 00:00:00,beijing
125,2025-11-09 00:00:00,shenzhen
126,2023-04-27 00:00:00,shanghai
127,2025-10-26 00:00:00,beijing
128,2025-02-04 00:00:00,beijing
129,2025-10-03 00:00:00,shanghai
130,2023-11-16 00:00:00,beijing
131,2022-12-11 00:00:00,shanghai
132,2022-11-22 00:00:00,beijing
133,2025-09-05 00:00:00,shenzhen
134,2022-11-12 00:00:00,guangzhou
135,2024-09-03 00:00:00,shanghai
136,2024-05-17 00:00:00,shanghai
137,2024-08-25 00:00:00,shenzhen
138,2025-05-27 00:00:00,guangzhou
139,2023-07-29 00:00:00,guangzhou
140,2025-09-24 00:00:00,beijing
141,2023-07-27 00:00:00,beijing
142,2025-09-22 00:00:00,shanghai
143,2023-04-20 00:00:00,guangzhou
144,2025-05-24 00:00:00,guangzhou
145,2025-10-02 00:00:00,shanghai
146,2024-01-25 00:00:00,guangzhou
147,2025-04-02 00:00:00,shenzhen
148,2023-02-03 00:00:00,guangzhou
149,2023-03-04 00:00:00,beijing
150,2023-01-11 00:00:00,guangzhou
151,2025-07-22 00:00:00,shanghai
152,2024-08-27 00:00:00,beijing
153,2025-07-15 00:00:00,shanghai
154,2024-08-11 00:00:00,guangzhou
155,2024-12-15 00:00:00,guangzhou
156,2024-12-30 00:00:00,guangzhou
157,2023-04-21 00:00:00,shenzhen
158,2024-09-23 00:00:00,beijing
159,2025-08-14 00:00:00,shenzhen
160,2024-08-02 00:00:00,beijing
161,2026-02-12 00:00:00,guangzhou
162,2025-05-28 00:00:00,guangzhou
163,2025-03-26 00:00:00,shenzhen
164,2023-01-17 00:00:00,shenzhen
165,2022-12-29 00:00:00,beijing
166,2025-07-05 00:00:00,beijing
167,2025-04-20 00:00:00,beijing
168,2024-01-25 00:00:00,shanghai
169,2023-09-23 00:00:00,shanghai
170,2025-11-26 00:00:00,guangzhou
171,2024-02-04 00:00:00,beijing
172,2024-02-18 00:00:00,shanghai
173,2024-09-26 00:00:00,beijing
174,2024-02-26 00:00:00,shenzhen
175,2025-04-09 00:00:00,shanghai
176,2025-03-24 00:00:00,shanghai
177,2023-10-29 00:00:00,beijing
178,2025-02-17 00:00:00,guangzhou
179,2023-10-30 00:00:00,shanghai
180,2024-08-22 00:00:00,shanghai
181,2025-07-13 00:00:00,shenzhen
182,2025-12-02 00:00:00,shenzhen
183,2024-11-21 00:00:00,shanghai
184,2023-07-23 00:00:00,guangzhou
185,2024-06-04 00:00:00,shanghai
186,2024-11-20 00:00:00,beijing
187,2025-01-20 00:00:00,shenzhen
188,2024-04-18 00:00:00,guangzhou
189,2025-09-30 00:00:00,guangzhou
190,2024-03-02 00:00:00,shenzhen
191,2023-02-17 00:00:00,guangzhou
192,2025-12-25 00:00:00,beijing
193,2024-09-03 00:00:00,shanghai
194,2022-11-18 00:00:00,guangzhou
195,2025-12-03 00:00:00,beijing
196,2023-09-14 00:00:00,guangzhou
197,2024-05-18 00:00:00,shenzhen
198,2023-04-09 00:00:00,beijing
199,2023-12-24 00:00:00,shanghai
200,2024-09-16 00:00:00,beijing
201,2023-09-10 00:00:00,beijing
202,2023-03-23 00:00:00,shanghai
203,2024-02-05 00:00:00,shenzhen
204,2025-09-29 00:00:00,guangzhou
205,2024-05-18 00:00:00,beijing
206,2024-06-14 00:00:00,guangzhou
207,2023-11-06 00:00:00,guangzhou
208,2023-11-18 00:00:00,guangzhou
209,2023-01-11 00:00:00,shanghai
210,2025-01-23 00:00:00,shenzhen
211,2024-01-05 00:00:00,shanghai
212,2022-12-12 00:00:00,guangzhou
213,2023-11-11 00:00:00,beijing
214,2024-06-07 00:00:00,guangzhou
215,2024-12-16 00:00:00,shenzhen
216,2022-11-20 00:00:00,guangzhou
217,2023-07-13 00:00:00,shenzhen
218,2023-08-29 00:00:00,shanghai
219,2023-04-10 00:00:00,shenzhen
220,2025-03-09 00:00:00,beijing
221,2024-07-18 00:00:00,guangzhou
222,2025-08-12 00:00:00,shanghai
223,2024-05-25 00:00:00,shanghai
224,2025-01-08 00:00:00,shanghai
225,2025-12-31 00:00:00,beijing
226,2024-10-06 00:00:00,shenzhen
227,2025-09-23 00:00:00,shenzhen
228,2023-10-25 00:00:00,shanghai
229,2023-12-26 00:00:00,shenzhen
230,2023-11-24 00:00:00,shanghai
231,2025-04-23 00:00:00,beijing
232,2025-07-16 00:00:00,shenzhen
233,2024-11-28 00:00:00,shanghai
234,2023-03-27 00:00:00,shenzhen
235,2025-11-09 00:00:00,shanghai
236,2025-06-16 00:00:00,shenzhen
237,2025-05-22 00:00:00,shenzhen
238,2023-02-28 00:00:00,guangzhou
239,2023-08-28 00:00:00,shenzhen
240,2023-01-24 00:00:00,shenzhen
241,2025-03-31 00:00:00,shenzhen
242,2023-08-13 00:00:00,guangzhou
243,2024-10-01 00:00:00,guangzhou
244,2023-03-20 00:00:00,shenzhen
245,2024-10-18 00:00:00,guangzhou
246,2023-09-03 00:00:00,beijing
247,2024-07-14 00:00:00,shanghai
248,2024-08-12 00:00:00,guangzhou
249,2024-05-06 00:00:00,beijing
250,2025-05-12 00:00:00,shanghai
251,2024-11-03 00:00:00,shenzhen
252,2025-04-13 00:00:00,shanghai
253,2025-10-11 00:00:00,shenzhen
254,2023-11-08 00:00:00,guangzhou
255,2023-02-04 00:00:00,shenzhen
256,2023-10-22 00:00:00,beijing
257,2024-12-23 00:00:00,shenzhen
258,2023-12-15 00:00:00,beijing
259,2022-11-28 00:00:00,shenzhen
260,2023-06-19 00:00:00,beijing
261,2024-03-01 00:00:00,guangzhou
262,2023-12-14 00:00:00,shenzhen
263,2023-02-13 00:00:00,shanghai
264,2023-05-27 00:00:00,shanghai
265,2024-08-10 00:00:00,shenzhen
266,2023-06-01 00:00:00,beijing
267,2023-12-16 00:00:00,guangzhou
268,2023-11-14 00:00:00,shanghai
269,2023-07-08 00:00:00,shanghai
270,2023-02-22 00:00:00,beijing
271,2023-12-06 00:00:00,beijing
272,2025-09-01 00:00:00,shenzhen
273,2025-05-18 00:00:00,shenzhen
274,2025-02-12 00:00:00,beijing
275,2024-09-05 00:00:00,shenzhen
276,2024-04-20 00:00:00,shanghai
277,2023-08-03 00:00:00,guangzhou
278,2024-03-30 00:00:00,shenzhen
279,2024-07-30 00:00:00,shenzhen
280,2024-09-21 00:00:00,beijing
281,2023-07-02 00:00:00,beijing
282,2023-02-11 00:00:00,beijing
283,2024-03-05 00:00:00,shanghai
284,2025-10-02 00:00:00,beijing
285,2025-12-18 00:00:00,shanghai
286,2025-01-07 00:00:00,beijing
287,2025-04-13 00:00:00,shanghai
288,2025-06-06 00:00:00,shenzhen
289,2025-06-30 00:00:00,shanghai
290,2023-07-13 00:00:00,guangzhou
291,2024-01-26 00:00:00,shanghai
292,2025-06-30 00:00:00,shanghai
293,2024-05-23 00:00:00,beijing
294,2022-11-22 00:00:00,beijing
295,2024-05-22 00:00:00,shenzhen
296,2023-11-30 00:00:00,shanghai
297,2025-09-17 00:00:00,shanghai
298,2025-07-26 00:00:00,guangzhou
299,2025-06-17 00:00:00,beijing
300,2024-03-10 00:00:00,shenzhen
301,2024-01-23 00:00:00,beijing
302,2023-04-20 00:00:00,guangzhou
303,2026-01-25 00:00:00,shenzhen
304,2023-05-23 00:00:00,beijing
305,2023-09-16 00:00:00,guangzhou
306,2023-07-24 00:00:00,shanghai
307,2023-09-12 00:00:00,shanghai
308,2023-03-19 00:00:00,guangzhou
309,2023-02-13 00:00:00,shenzhen
310,2023-07-13 00:00:00,shenzhen
311,2024-08-19 00:00:00,guangzhou
312,2024-10-05 00:00:00,beijing
313,2024-07-28 00:00:00,shenzhen
314,2024-10-08 00:00:00,shenzhen
315,2022-12-10 00:00:00,shenzhen
316,2024-04-02 00:00:00,beijing
317,2023-05-14 00:00:00,guangzhou
318,2025-02-12 00:00:00,shenzhen
319,2024-12-12 00:00:00,guangzhou
320,2024-09-08 00:00:00,guangzhou
321,2024-07-27 00:00:00,guangzhou
322,2023-01-08 00:00:00,beijing
323,2023-03-29 00:00:00,shanghai
324,2025-08-28 00:00:00,shanghai
325,2023-11-10 00:00:00,shenzhen
326,2023-01-09 00:00:00,shanghai
327,2023-06-20 00:00:00,shenzhen
328,2023-08-17 00:00:00,beijing
329,2025-08-13 00:00:00,guangzhou
330,2024-11-23 00:00:00,shenzhen
331,2024-10-09 00:00:00,guangzhou
332,2022-11-16 00:00:00,guangzhou
333,2023-06-26 00:00:00,guangzhou
334,2023-10-02 00:00:00,guangzhou
335,2024-03-01 00:00:00,shenzhen
336,2024-08-14 00:00:00,guangzhou
337,2024-09-23 00:00:00,shanghai
338,2025-06-17 00:00:00,shanghai
339,2024-05-14 00:00:00,beijing
340,2023-02-18 00:00:00,shanghai
341,2025-01-23 00:00:00,shanghai
342,2023-06-04 00:00:00,guangzhou
343,2023-03-13 00:00:00,guangzhou
344,2025-07-29 00:00:00,shanghai
345,2024-06-23 00:00:00,shanghai
346,2024-02-11 00:00:00,shanghai
347,2024-06-10 00:00:00,beijing
348,2023-02-22 00:00:00,shanghai
349,2024-08-07 00:00:00,beijing
350,2025-10-31 00:00:00,guangzhou
351,2025-06-06 00:00:00,shenzhen
352,2025-07-24 00:00:00,beijing
353,2022-12-02 00:00:00,guangzhou
354,2023-07-04 00:00:00,shenzhen
355,2023-09-01 00:00:00,guangzhou
356,2025-02-07 00:00:00,beijing
357,2024-09-20 00:00:00,shenzhen
358,2025-07-01 00:00:00,beijing
359,2023-11-22 00:00:00,shenzhen
360,2025-09-21 00:00:00,beijing
361,2025-04-15 00:00:00,shanghai
362,2022-12-25 00:00:00,guangzhou
363,2025-08-29 00:00:00,shanghai
364,2025-06-22 00:00:00,shenzhen
365,2024-11-14 00:00:00,shenzhen
366,2023-08-12 00:00:00,shenzhen
367,2024-06-21 00:00:00,shenzhen
368,2024-06-04 00:00:00,beijing
369,2025-07-31 00:00:00,shanghai
370,2024-12-14 00:00:00,guangzhou
371,2025-09-06 00:00:00,shanghai
372,2024-10-16 00:00:00,shanghai
373,2023-01-16 00:00:00,beijing
374,2025-04-05 00:00:00,beijing
375,2023-11-06 00:00:00,shenzhen
376,2023-07-03 00:00:00,guangzhou
377,2025-12-15 00:00:00,shanghai
378,2024-07-09 00:00:00,guangzhou
379,2023-08-05 00:00:00,beijing
380,2024-10-29 00:00:00,guangzhou
381,2025-01-10 00:00:00,shenzhen
382,2025-06-29 00:00:00,shanghai
383,2025-04-20 00:00:00,guangzhou
384,2025-05-04 00:00:00,beijing
385,2025-10-20 00:00:00,shanghai
386,2024-05-31 00:00:00,guangzhou
387,2023-09-04 00:00:00,beijing
388,2023-07-06 00:00:00,guangzhou
389,2023-11-18 00:00:00,guangzhou
390,2023-05-02 00:00:00,shenzhen
391,2023-09-07 00:00:00,beijing
392,2025-11-30 00:00:00,shenzhen
393,2024-04-30 00:00:00,guangzhou
394,2025-12-29 00:00:00,beijing
395,2024-11-08 00:00:00,beijing
396,2024-08-17 00:00:00,beijing
397,2025-02-26 00:00:00,shenzhen
398,2023-03-25 00:00:00,shenzhen
399,2024-07-30 00:00:00,shanghai
400,2022-11-09 00:00:00,shenzhen
401,2023-05-19 00:00:00,beijing
402,2023-07-03 00:00:00,guangzhou
403,2023-11-06 00:00:00,guangzhou
404,2024-05-03 00:00:00,beijing
405,2025-03-27 00:00:00,guangzhou
406,2023-10-30 00:00:00,shenzhen
407,2024-07-09 00:00:00,shenzhen
408,2023-01-20 00:00:00,beijing
409,2023-08-03 00:00:00,beijing
410,2024-05-16 00:00:00,guangzhou
411,2024-04-28 00:00:00,beijing
412,2023-11-15 00:00:00,beijing
413,2023-02-04 00:00:00,shenzhen
414,2023-10-27 00:00:00,beijing
415,2025-01-31 00:00:00,guangzhou
416,2023-05-06 00:00:00,shenzhen
417,2025-11-06 00:00:00,shanghai
418,2024-08-22 00:00:00,shanghai
419,2024-07-10 00:00:00,shenzhen
420,2023-06-03 00:00:00,beijing
421,2025-12-22 00:00:00,shanghai
422,2025-04-01 00:00:00,guangzhou
423,2023-01-18 00:00:00,beijing
424,2023-01-15 00:00:00,shenzhen
425,2025-08-13 00:00:00,shanghai
426,2025-07-02 00:00:00,shenzhen
427,2025-06-24 00:00:00,shanghai
428,2023-05-06 00:00:00,guangzhou
429,2023-04-14 00:00:00,guangzhou
430,2023-10-23 00:00:00,shenzhen
431,2023-06-28 00:00:00,shanghai
432,2023-07-30 00:00:00,shanghai
433,2023-12-27 00:00:00,shanghai
434,2023-04-16 00:00:00,shanghai
435,2025-09-30 00:00:00,guangzhou
436,2023-10-24 00:00:00,guangzhou
437,2023-04-17 00:00:00,guangzhou
438,2026-02-14 00:00:00,guangzhou
439,2024-06-18 00:00:00,shenzhen
440,2025-04-21 00:00:00,shenzhen
441,2023-02-12 00:00:00,shenzhen
442,2024-03-15 00:00:00,guangzhou
443,2023-01-16 00:00:00,shenzhen
444,2023-08-02 00:00:00,guangzhou
445,2025-01-29 00:00:00,shanghai
446,2022-12-06 00:00:00,shenzhen
447,2024-10-29 00:00:00,shenzhen
448,2025-11-22 00:00:00,guangzhou
449,2023-06-27 00:00:00,shenzhen
450,2023-12-22 00:00:00,shanghai
451,2023-05-12 00:00:00,beijing
452,2025-06-06 00:00:00,guangzhou
453,2025-07-29 00:00:00,shenzhen
454,2025-07-30 00:00:00,shenzhen
455,2026-01-19 00:00:00,shanghai
456,2023-11-03 00:00:00,shanghai
457,2025-09-19 00:00:00,shenzhen
458,2024-08-26 00:00:00,guangzhou
459,2023-11-28 00:00:00,beijing
460,2024-04-18 00:00:00,shenzhen
461,2024-05-12 00:00:00,shenzhen
462,2023-02-07 00:00:00,beijing
463,2025-10-02 00:00:00,shanghai
464,2024-07-11 00:00:00,shanghai
465,2025-08-18 00:00:00,shenzhen
466,2025-08-02 00:00:00,beijing
467,2023-08-26 00:00:00,shanghai
468,2024-06-16 00:00:00,beijing
469,2025-11-17 00:00:00,guangzhou
470,2025-10-28 00:00:00,guangzhou
471,2024-02-16 00:00:00,guangzhou
472,2023-09-21 00:00:00,shanghai
473,2024-10-07 00:00:00,shenzhen
474,2022-12-18 00:00:00,shanghai
475,2025-03-08 00:00:00,shanghai
476,2025-09-11 00:00:00,shenzhen
477,2024-10-14 00:00:00,shenzhen
478,2022-11-13 00:00:00,shanghai
479,2024-11-01 00:00:00,shenzhen
480,2024-09-17 00:00:00,shenzhen
481,2024-09-15 00:00:00,beijing
482,2023-07-13 00:00:00,guangzhou
483,2023-01-27 00:00:00,shanghai
484,2025-09-21 00:00:00,shenzhen
485,2024-03-14 00:00:00,guangzhou
486,2023-10-05 00:00:00,guangzhou
487,2023-07-30 00:00:00,guangzhou
488,2025-01-08 00:00:00,shenzhen
489,2023-06-06 00:00:00,beijing
490,2024-10-22 00:00:00,shenzhen
491,2022-12-06 00:00:00,guangzhou
492,2022-11-30 00:00:00,guangzhou
493,2024-06-25 00:00:00,beijing
494,2023-12-02 00:00:00,guangzhou
495,2026-02-03 00:00:00,beijing
496,2023-05-09 00:00:00,guangzhou
497,2024-11-05 00:00:00,guangzhou
498,2024-11-28 00:00:00,shanghai
499,2024-09-24 00:00:00,shanghai
500,2025-08-05 00:00:00,beijing
501,2024-05-28 00:00:00,shenzhen
502,2025-12-13 00:00:00,guangzhou
503,2025-05-26 00:00:00,beijing
504,2024-06-25 00:00:00,guangzhou
505,2023-10-23 00:00:00,shanghai
506,2025-01-04 00:00:00,shanghai
507,2023-02-11 00:00:00,guangzhou
508,2023-02-28 00:00:00,guangzhou
509,2025-03-20 00:00:00,guangzhou
510,2023-06-09 00:00:00,guangzhou
511,2024-03-28 00:00:00,beijing
512,2023-07-06 00:00:00,beijing
513,2025-05-07 00:00:00,shanghai
514,2023-11-29 00:00:00,guangzhou
515,2025-08-19 00:00:00,shenzhen
516,2026-01-22 00:00:00,guangzhou
517,2023-02-17 00:00:00,beijing
518,2023-08-03 00:00:00,guangzhou
519,2024-09-01 00:00:00,shenzhen
520,2024-01-21 00:00:00,beijing
521,2024-10-29 00:00:00,shenzhen
522,2025-12-30 00:00:00,guangzhou
523,2024-11-23 00:00:00,beijing
524,2023-07-15 00:00:00,guangzhou
525,2023-11-06 00:00:00,beijing
526,2025-05-09 00:00:00,beijing
527,2025-12-05 00:00:00,guangzhou
528,2023-05-18 00:00:00,beijing
529,2025-08-04 00:00:00,shanghai
530,2023-02-15 00:00:00,shanghai
531,2023-12-17 00:00:00,shenzhen
532,2024-01-22 00:00:00,shenzhen
533,2025-04-09 00:00:00,shenzhen
534,2025-08-01 00:00:00,shenzhen
535,2023-11-07 00:00:00,guangzhou
536,2025-12-14 00:00:00,guangzhou
537,2024-12-02 00:00:00,shenzhen
538,2023-08-24 00:00:00,shanghai
539,2024-02-08 00:00:00,beijing
540,2024-01-29 00:00:00,guangzhou
541,2025-10-18 00:00:00,shenzhen
542,2024-08-03 00:00:00,shanghai
543,2025-06-14 00:00:00,shenzhen
544,2025-08-16 00:00:00,shanghai
545,2026-01-07 00:00:00,beijing
546,2024-04-07 00:00:00,shanghai
547,2025-06-07 00:00:00,shanghai
548,2025-10-02 00:00:00,shanghai
549,2024-12-04 00:00:00,shanghai
550,2024-04-18 00:00:00,shanghai
551,2026-02-14 00:00:00,guangzhou
552,2025-04-29 00:00:00,shanghai
553,2023-02-09 00:00:00,guangzhou
554,2025-02-27 00:00:00,beijing
555,2025-12-29 00:00:00,shanghai
556,2026-01-20 00:00:00,guangzhou
557,2024-10-20 00:00:00,guangzhou
558,2026-01-18 00:00:00,shanghai
559,2024-08-25 00:00:00,beijing
560,2025-06-05 00:00:00,shenzhen
561,2023-03-10 00:00:00,beijing
562,2025-10-12 00:00:00,shenzhen
563,2023-08-16 00:00:00,guangzhou
564,2023-04-05 00:00:00,beijing
565,2023-08-09 00:00:00,shanghai
566,2025-11-23 00:00:00,guangzhou
567,2023-07-27 00:00:00,beijing
568,2025-10-18 00:00:00,shenzhen
569,2023-11-20 00:00:00,shenzhen
570,2025-07-13 00:00:00,shenzhen
571,2023-08-26 00:00:00,beijing
572,2025-09-07 00:00:00,guangzhou
573,2025-04-22 00:00:00,beijing
574,2025-06-06 00:00:00,guangzhou
575,2022-11-09 00:00:00,guangzhou
576,2024-01-01 00:00:00,guangzhou
577,2023-08-05 00:00:00,shenzhen
578,2025-07-31 00:00:00,beijing
579,2023-01-17 00:00:00,shanghai
580,2023-09-23 00:00:00,shenzhen
581,2024-11-09 00:00:00,shenzhen
582,2024-03-27 00:00:00,shenzhen
583,2023-11-26 00:00:00,shenzhen
584,2025-08-09 00:00:00,guangzhou
585,2023-09-29 00:00:00,guangzhou
586,2024-09-15 00:00:00,guangzhou
587,2025-04-13 00:00:00,shenzhen
588,2025-10-05 00:00:00,beijing
589,2025-08-29 00:00:00,beijing
590,2023-09-19 00:00:00,beijing
591,2024-01-18 00:00:00,shanghai
592,2023-01-07 00:00:00,beijing
593,2022-12-27 00:00:00,guangzhou
594,2025-06-14 00:00:00,shenzhen
595,2024-02-26 00:00:00,shenzhen
596,2025-11-06 00:00:00,guangzhou
597,2024-05-21 00:00:00,guangzhou
598,2025-07-22 00:00:00,shanghai
599,2025-04-09 00:00:00,shenzhen
600,2024-11-17 00:00:00,beijing
601,2024-03-04 00:00:00,guangzhou
602,2025-06-29 00:00:00,guangzhou
603,2022-12-02 00:00:00,shanghai
604,2023-09-25 00:00:00,beijing
605,2024-08-21 00:00:00,beijing
606,2025-02-15 00:00:00,guangzhou
607,2024-05-28 00:00:00,guangzhou
608,2024-03-03 00:00:00,beijing
609,2025-02-13 00:00:00,shanghai
610,2022-12-18 00:00:00,shenzhen
611,2025-09-30 00:00:00,shanghai
612,2025-12-19 00:00:00,beijing
613,2023-03-01 00:00:00,shanghai
614,2024-01-11 00:00:00,shenzhen
615,2023-08-05 00:00:00,guangzhou
616,2025-04-03 00:00:00,guangzhou
617,2024-05-22 00:00:00,guangzhou
618,2022-12-15 00:00:00,beijing
619,2025-11-04 00:00:00,shanghai
620,2025-04-03 00:00:00,beijing
621,2025-09-05 00:00:00,guangzhou
622,2023-08-27 00:00:00,shenzhen
623,2023-06-01 00:00:00,shenzhen
624,2023-10-25 00:00:00,guangzhou
625,2024-12-05 00:00:00,beijing
626,2024-03-15 00:00:00,shenzhen
627,2025-07-07 00:00:00,guangzhou
628,2023-05-30 00:00:00,guangzhou
629,2025-11-18 00:00:00,shanghai
630,2023-12-03 00:00:00,beijing
631,2026-02-04 00:00:00,shanghai
632,2024-06-12 00:00:00,shanghai
633,2025-05-14 00:00:00,guangzhou
634,2024-07-07 00:00:00,guangzhou
635,2025-06-19 00:00:00,beijing
636,2023-05-08 00:00:00,shenzhen
637,2025-02-25 00:00:00,shanghai
638,2024-01-03 00:00:00,shanghai
639,2023-05-02 00:00:00,guangzhou
640,2025-09-25 00:00:00,shenzhen
641,2025-11-25 00:00:00,shenzhen
642,2026-01-12 00:00:00,shenzhen
643,2025-09-13 00:00:00,guangzhou
644,2022-11-28 00:00:00,shenzhen
645,2022-12-03 00:00:00,shenzhen
646,2023-10-18 00:00:00,guangzhou
647,2025-06-29 00:00:00,shenzhen
648,2026-01-08 00:00:00,guangzhou
649,2025-03-05 00:00:00,shenzhen
650,2024-02-09 00:00:00,beijing
651,2023-09-09 00:00:00,beijing
652,2024-10-09 00:00:00,shenzhen
653,2023-11-22 00:00:00,beijing
654,2023-12-02 00:00:00,guangzhou
655,2024-03-26 00:00:00,shanghai
656,2024-04-08 00:00:00,shanghai
657,2025-09-16 00:00:00,beijing
658,2023-03-01 00:00:00,shanghai
659,2024-03-06 00:00:00,guangzhou
660,2025-04-23 00:00:00,shanghai
661,2025-07-24 00:00:00,shanghai
662,2024-09-13 00:00:00,shanghai
663,2025-03-01 00:00:00,shanghai
664,2025-09-18 00:00:00,shanghai
665,2023-05-15 00:00:00,shenzhen
666,2022-12-23 00:00:00,shenzhen
667,2022-12-21 00:00:00,guangzhou
668,2024-05-13 00:00:00,shanghai
669,2023-09-03 00:00:00,beijing
670,2023-07-05 00:00:00,shenzhen
671,2024-06-09 00:00:00,guangzhou
672,2025-10-27 00:00:00,guangzhou
673,2023-04-17 00:00:00,beijing
674,2024-05-25 00:00:00,shenzhen
675,2023-08-09 00:00:00,beijing
676,2025-10-26 00:00:00,guangzhou
677,2024-07-12 00:00:00,beijing
678,2025-08-19 00:00:00,shenzhen
679,2023-07-18 00:00:00,beijing
680,2023-08-13 00:00:00,shanghai
681,2024-05-02 00:00:00,shenzhen
682,2023-04-30 00:00:00,shanghai
683,2025-10-16 00:00:00,shenzhen
684,2025-07-23 00:00:00,guangzhou
685,2025-08-31 00:00:00,shanghai
686,2025-12-01 00:00:00,shanghai
687,2023-09-07 00:00:00,shenzhen
688,2023-03-14 00:00:00,shanghai
689,2024-02-05 00:00:00,guangzhou
690,2024-07-20 00:00:00,shenzhen
691,2023-11-05 00:00:00,guangzhou
692,2025-11-04 00:00:00,guangzhou
693,2025-10-08 00:00:00,guangzhou
694,2025-08-10 00:00:00,shenzhen
695,2024-07-18 00:00:00,guangzhou
696,2025-04-18 00:00:00,guangzhou
697,2025-09-06 00:00:00,shanghai
698,2024-03-05 00:00:00,guangzhou
699,2023-12-10 00:00:00,shanghai
700,2025-08-30 00:00:00,guangzhou
701,2023-01-02 00:00:00,shenzhen
702,2024-04-18 00:00:00,shanghai
703,2023-03-09 00:00:00,beijing
704,2023-10-06 00:00:00,guangzhou
705,2026-01-13 00:00:00,guangzhou
706,2024-05-28 00:00:00,shanghai
707,2024-12-08 00:00:00,guangzhou
708,2023-05-31 00:00:00,shanghai
709,2024-11-13 00:00:00,shanghai
710,2025-04-08 00:00:00,beijing
711,2024-06-24 00:00:00,beijing
712,2023-04-17 00:00:00,beijing
713,2024-04-01 00:00:00,shanghai
714,2024-01-10 00:00:00,shanghai
715,2025-03-24 00:00:00,shanghai
716,2025-03-17 00:00:00,shenzhen
717,2025-11-22 00:00:00,shenzhen
718,2024-02-04 00:00:00,shanghai
719,2023-08-25 00:00:00,guangzhou
720,2023-08-15 00:00:00,shanghai
721,2023-02-22 00:00:00,shanghai
722,2024-05-27 00:00:00,shenzhen
723,2025-01-18 00:00:00,guangzhou
724,2022-12-09 00:00:00,shenzhen
725,2023-07-20 00:00:00,guangzhou
726,2023-12-30 00:00:00,shenzhen
727,2025-03-25 00:00:00,shanghai
728,2025-05-12 00:00:00,guangzhou
729,2025-11-05 00:00:00,shenzhen
730,2024-01-21 00:00:00,beijing
731,2023-03-31 00:00:00,beijing
732,2024-07-16 00:00:00,beijing
733,2025-03-28 00:00:00,guangzhou
734,2023-08-14 00:00:00,shanghai
735,2023-09-08 00:00:00,beijing
736,2024-11-22 00:00:00,shenzhen
737,2024-03-06 00:00:00,beijing
738,2023-10-24 00:00:00,beijing
739,2023-12-01 00:00:00,guangzhou
740,2024-10-25 00:00:00,shenzhen
741,2025-09-05 00:00:00,guangzhou
742,2024-11-17 00:00:00,beijing
743,2024-05-08 00:00:00,beijing
744,2024-04-04 00:00:00,shanghai
745,2025-05-14 00:00:00,beijing
746,2024-07-12 00:00:00,shenzhen
747,2025-05-11 00:00:00,shenzhen
748,2023-08-16 00:00:00,beijing
749,2025-09-10 00:00:00,beijing
750,2024-09-13 00:00:00,shanghai
751,2025-04-19 00:00:00,shenzhen
752,2025-07-07 00:00:00,guangzhou
753,2024-10-21 00:00:00,guangzhou
754,2025-06-15 00:00:00,beijing
755,2024-10-19 00:00:00,shenzhen
756,2023-07-29 00:00:00,beijing
757,2025-07-07 00:00:00,shenzhen
758,2023-02-18 00:00:00,beijing
759,2023-04-01 00:00:00,shanghai
760,2025-05-01 00:00:00,guangzhou
761,2023-09-24 00:00:00,beijing
762,2024-02-28 00:00:00,shanghai
763,2022-12-09 00:00:00,shenzhen
764,2025-02-01 00:00:00,beijing
765,2023-03-15 00:00:00,guangzhou
766,2025-10-04 00:00:00,beijing
767,2023-12-13 00:00:00,shenzhen
768,2025-11-22 00:00:00,shenzhen
769,2024-01-17 00:00:00,guangzhou
770,2026-01-17 00:00:00,guangzhou
771,2025-10-04 00:00:00,guangzhou
772,2024-10-14 00:00:00,beijing
773,2022-11-16 00:00:00,guangzhou
774,2025-05-22 00:00:00,beijing
775,2024-02-29 00:00:00,guangzhou
776,2025-02-26 00:00:00,shenzhen
777,2023-06-15 00:00:00,shanghai
778,2025-05-19 00:00:00,beijing
779,2023-07-28 00:00:00,beijing
780,2024-06-29 00:00:00,shanghai
781,2025-11-22 00:00:00,shanghai
782,2025-11-26 00:00:00,guangzhou
783,2024-05-25 00:00:00,shenzhen
784,2023-02-03 00:00:00,shenzhen
785,2024-09-19 00:00:00,beijing
786,2025-01-24 00:00:00,guangzhou
787,2024-02-19 00:00:00,beijing
788,2024-04-11 00:00:00,guangzhou
789,2025-06-10 00:00:00,guangzhou
790,2023-09-09 00:00:00,shenzhen
791,2023-09-03 00:00:00,shenzhen
792,2024-03-27 00:00:00,shanghai
793,2023-05-10 00:00:00,shenzhen
794,2024-01-29 00:00:00,guangzhou
795,2025-09-03 00:00:00,shenzhen
796,2025-09-11 00:00:00,shenzhen
797,2025-02-15 00:00:00,guangzhou
798,2024-05-03 00:00:00,beijing
799,2025-09-09 00:00:00,guangzhou
800,2024-06-24 00:00:00,guangzhou
801,2023-08-21 00:00:00,shenzhen
802,2025-03-15 00:00:00,shenzhen
803,2024-03-02 00:00:00,shenzhen
804,2025-11-25 00:00:00,guangzhou
805,2023-09-13 00:00:00,guangzhou
806,2025-10-25 00:00:00,beijing
807,2023-11-11 00:00:00,guangzhou
808,2023-04-06 00:00:00,shanghai
809,2025-12-18 00:00:00,shanghai
810,2023-09-06 00:00:00,beijing
811,2025-06-06 00:00:00,beijing
812,2024-10-24 00:00:00,guangzhou
813,2024-02-09 00:00:00,shenzhen
814,2022-12-16 00:00:00,beijing
815,2025-04-11 00:00:00,shenzhen
816,2024-01-22 00:00:00,guangzhou
817,2023-08-25 00:00:00,beijing
818,2022-12-02 00:00:00,shanghai
819,2023-03-03 00:00:00,guangzhou
820,2023-11-27 00:00:00,guangzhou
821,2024-07-29 00:00:00,shanghai
822,2025-07-02 00:00:00,beijing
823,2025-02-03 00:00:00,shenzhen
824,2023-03-27 00:00:00,shenzhen
825,2022-12-27 00:00:00,beijing
826,2024-09-01 00:00:00,guangzhou
827,2023-08-21 00:00:00,shanghai
828,2024-07-15 00:00:00,shenzhen
829,2025-01-06 00:00:00,beijing
830,2025-05-18 00:00:00,beijing
831,2023-08-09 00:00:00,shanghai
832,2023-08-23 00:00:00,beijing
833,2024-05-06 00:00:00,guangzhou
834,2025-10-10 00:00:00,guangzhou
835,2024-06-15 00:00:00,shanghai
836,2025-02-28 00:00:00,guangzhou
837,2023-04-15 00:00:00,shanghai
838,2025-06-16 00:00:00,shanghai
839,2025-05-11 00:00:00,shanghai
840,2023-05-15 00:00:00,beijing
841,2024-02-11 00:00:00,guangzhou
842,2023-07-08 00:00:00,shanghai
843,2025-08-27 00:00:00,beijing
844,2024-05-27 00:00:00,shenzhen
845,2023-06-15 00:00:00,shenzhen
846,2023-11-04 00:00:00,beijing
847,2025-06-08 00:00:00,guangzhou
848,2025-09-21 00:00:00,shenzhen
849,2023-07-11 00:00:00,guangzhou
850,2025-06-02 00:00:00,shanghai
851,2025-05-31 00:00:00,shenzhen
852,2023-04-27 00:00:00,beijing
853,2025-06-10 00:00:00,shanghai
854,2024-06-07 00:00:00,shanghai
855,2025-03-25 00:00:00,guangzhou
856,2024-11-15 00:00:00,guangzhou
857,2023-03-25 00:00:00,guangzhou
858,2025-09-11 00:00:00,guangzhou
859,2025-01-13 00:00:00,guangzhou
860,2025-06-08 00:00:00,guangzhou
861,2023-02-23 00:00:00,beijing
862,2023-04-27 00:00:00,shanghai
863,2022-11-18 00:00:00,shanghai
864,2025-03-06 00:00:00,guangzhou
865,2022-12-23 00:00:00,beijing
866,2025-12-23 00:00:00,beijing
867,2025-11-18 00:00:00,guangzhou
868,2024-12-15 00:00:00,shenzhen
869,2025-12-19 00:00:00,shenzhen
870,2023-01-29 00:00:00,guangzhou
871,2024-06-11 00:00:00,shenzhen
872,2024-10-06 00:00:00,shenzhen
873,2024-06-20 00:00:00,shenzhen
874,2025-09-23 00:00:00,beijing
875,2025-04-02 00:00:00,shenzhen
876,2023-10-22 00:00:00,shenzhen
877,2023-07-14 00:00:00,shanghai
878,2024-03-25 00:00:00,shanghai
879,2024-05-20 00:00:00,guangzhou
880,2024-03-14 00:00:00,shenzhen
881,2025-05-28 00:00:00,guangzhou
882,2023-04-02 00:00:00,beijing
883,2024-05-07 00:00:00,shanghai
884,2023-07-10 00:00:00,beijing
885,2024-08-21 00:00:00,shenzhen
886,2024-09-30 00:00:00,shanghai
887,2025-08-05 00:00:00,beijing
888,2024-07-05 00:00:00,shenzhen
889,2023-10-17 00:00:00,shanghai
890,2025-03-29 00:00:00,guangzhou
891,2022-11-24 00:00:00,guangzhou
892,2025-01-27 00:00:00,shanghai
893,2023-05-06 00:00:00,shenzhen
894,2023-05-05 00:00:00,guangzhou
895,2023-05-08 00:00:00,beijing
896,2025-08-19 00:00:00,shenzhen
897,2023-04-21 00:00:00,shenzhen
898,2024-10-14 00:00:00,shanghai
899,2022-11-13 00:00:00,guangzhou
900,2025-11-12 00:00:00,beijing
901,2024-07-23 00:00:00,shenzhen
902,2023-07-02 00:00:00,guangzhou
903,2023-02-16 00:00:00,beijing
904,2025-07-14 00:00:00,shenzhen
905,2025-05-21 00:00:00,guangzhou
906,2024-02-01 00:00:00,shenzhen
907,2024-02-01 00:00:00,beijing
908,2023-11-22 00:00:00,beijing
909,2022-12-10 00:00:00,shanghai
910,2024-02-08 00:00:00,guangzhou
911,2025-09-22 00:00:00,shenzhen
912,2023-04-24 00:00:00,shenzhen
913,2023-01-20 00:00:00,guangzhou
914,2025-06-21 00:00:00,shanghai
915,2025-08-05 00:00:00,shenzhen
916,2024-01-17 00:00:00,guangzhou
917,2023-01-04 00:00:00,guangzhou
918,2025-04-30 00:00:00,shanghai
919,2023-04-14 00:00:00,shenzhen
920,2023-05-02 00:00:00,beijing
921,2025-11-19 00:00:00,beijing
922,2025-05-15 00:00:00,guangzhou
923,2023-06-25 00:00:00,shenzhen
924,2025-04-20 00:00:00,shanghai
925,2024-04-19 00:00:00,guangzhou
926,2025-03-24 00:00:00,shenzhen
927,2024-06-17 00:00:00,guangzhou
928,2023-04-18 00:00:00,shenzhen
929,2022-12-25 00:00:00,guangzhou
930,2023-06-23 00:00:00,beijing
931,2024-01-27 00:00:00,guangzhou
932,2025-07-10 00:00:00,shenzhen
933,2022-11-12 00:00:00,guangzhou
934,2025-12-27 00:00:00,shenzhen
935,2024-08-25 00:00:00,shanghai
936,2025-11-06 00:00:00,shenzhen
937,2025-03-07 00:00:00,shenzhen
938,2025-04-23 00:00:00,shanghai
939,2025-12-17 00:00:00,beijing
940,2025-01-25 00:00:00,beijing
941,2023-08-31 00:00:00,guangzhou
942,2023-10-16 00:00:00,shanghai
943,2023-10-28 00:00:00,shanghai
944,2023-11-02 00:00:00,shenzhen
945,2025-10-15 00:00:00,shanghai
946,2023-03-25 00:00:00,shanghai
947,2022-12-29 00:00:00,guangzhou
948,2023-06-16 00:00:00,shenzhen
949,2024-05-18 00:00:00,shanghai
950,2023-07-24 00:00:00,guangzhou
951,2023-01-28 00:00:00,guangzhou
952,2024-08-27 00:00:00,shenzhen
953,2025-01-22 00:00:00,shanghai
954,2024-07-28 00:00:00,guangzhou
955,2024-11-16 00:00:00,guangzhou
956,2024-07-08 00:00:00,shanghai
957,2023-05-25 00:00:00,guangzhou
958,2023-06-13 00:00:00,guangzhou
959,2022-12-30 00:00:00,guangzhou
960,2024-07-10 00:00:00,beijing
961,2022-12-03 00:00:00,shenzhen
962,2023-12-04 00:00:00,guangzhou
963,2025-04-26 00:00:00,guangzhou
964,2025-11-25 00:00:00,guangzhou
965,2025-09-11 00:00:00,guangzhou
966,2023-08-29 00:00:00,guangzhou
967,2023-06-14 00:00:00,shanghai
968,2025-01-02 00:00:00,guangzhou
969,2022-12-26 00:00:00,guangzhou
970,2025-05-14 00:00:00,beijing
971,2024-10-17 00:00:00,shanghai
972,2025-11-08 00:00:00,shanghai
973,2024-10-31 00:00:00,beijing
974,2025-07-29 00:00:00,shenzhen
975,2024-04-14 00:00:00,shenzhen
976,2025-07-29 00:00:00,shanghai
977,2026-02-09 00:00:00,shanghai
978,2023-11-09 00:00:00,shenzhen
979,2023-06-18 00:00:00,shanghai
980,2024-07-11 00:00:00,guangzhou
981,2024-07-15 00:00:00,beijing
982,2025-08-20 00:00:00,shanghai
983,2023-02-20 00:00:00,beijing
984,2025-02-26 00:00:00,shenzhen
985,2025-02-24 00:00:00,beijing
986,2023-11-29 00:00:00,shenzhen
987,2025-02-03 00:00:00,guangzhou
988,2025-12-05 00:00:00,beijing
989,2024-06-18 00:00:00,beijing
990,2024-04-04 00:00:00,guangzhou
991,2023-08-04 00:00:00,shenzhen
992,2025-05-21 00:00:00,shenzhen
993,2024-08-10 00:00:00,shanghai
994,2025-07-04 00:00:00,guangzhou
995,2025-03-24 00:00:00,shenzhen
996,2024-09-11 00:00:00,shanghai
997,2026-01-22 00:00:00,guangzhou
998,2024-06-25 00:00:00,shanghai
999,2025-02-25 00:00:00,shenzhen
1000,2023-09-28 00:00:00,guangzhou
